x1,x2,x3,y
-0.5208631427227877,-0.40063133500370496,0.15198096010290651,0.15086486473839406
-0.9650421579228867,0.39344544926662617,0.0018655277657784186,-3.7189091621639854
0.2826838833097358,0.20309883449056887,-0.0638421552246955,1.52385329345036
-1.0,-0.502357927940108,0.4021452808782282,0.40682054230884795
0.67935319999416,1.0,-1.0,10.676336127090968
-0.222630085928887,0.4011041452306072,-0.632335253939164,0.0034979551558422806
0.3812030982006154,-0.11155405586221878,-0.1739462601293722,1.4216748774603947
0.06583723650482831,-0.8266413580990806,0.7966674601629715,-0.6190517749159783
-0.877469104619256,1.0,0.3146274876231441,2.594960363869278
-0.10928949438562241,-0.06398551087075988,-0.7299036140812678,0.7418831854359621
-0.08629960103494838,-0.8791219850856336,0.3001892322565385,1.1313723018487467
-0.29120942480226186,0.45042998751308416,0.6974105555753405,-0.40884969634162804
-0.3160850607143759,0.0061575969915836914,-0.6077188865277143,0.41280288454105835
-0.18289173696136696,1.0,-0.21660254474306795,8.266845494928384
0.8608096506481655,-0.22437163195262277,-0.34077626792438065,2.539536228181705
-0.7784322092146676,-0.5247499008229233,-0.48371618317116116,1.3623675259186394
0.9844609431993909,-1.0,0.2952928820268961,-6.608775530941915
-0.18010813538912185,-1.0,0.6992824475877417,-0.1483848485996464
-1.0,-0.07092339608886311,-0.0595921640639554,-4.264210484164009
0.13989995107094622,-0.9520564701785033,0.33740146508106195,1.0053767363083776
0.8343800540312301,-0.3433781096846171,1.0,0.6255033219358012
-0.031248435902449856,0.560602708743484,1.0,3.874638683435212
0.5429777434446226,-0.8335337369138021,0.23973645118694908,0.8243186164340119
0.11663911829178364,0.5052266177355718,0.2788599132845191,0.46867553903503717
-0.7666900057440882,1.0,0.3797469035216927,2.8100795132774588
-0.9852337074517992,-0.12366831944370826,0.3034316523496299,-3.7224999528004545
0.32427912053923835,-1.0,-0.5072709949392895,-0.8736588558550344
0.260421179656912,-1.0,0.49663019343421655,0.38974994146098635
0.14290316841041362,-0.7904920588091491,-0.25166235348918664,2.299002036684966
0.588181529501087,-0.7589178601274953,-0.117169708929445,0.7875005408747665
-1.0,0.7181599059266948,-1.0,19.716757223101432
0.7163499383202785,-0.3856332975086929,-1.0,-5.1160802388754485
0.10589914148167834,-0.04260592083919934,-0.6734195234640152,1.1321171187139154
1.0,-1.0,-0.5966739235536314,-12.399122756684262
0.7480882510238833,-1.0,0.556530836490652,-2.8353615585602503
0.7007217218524555,0.12903884015111333,0.2744861350233476,2.35232214168841
0.6027487006804513,-1.0,-0.14452709323052626,-1.2849344668437748
0.894593285347788,-0.04911400671449617,-1.0,3.0279703392012487
1.0,-1.0,0.2155449679441539,-8.493291845278613
-0.8179761722939696,0.06562120706500152,-0.26306155937577214,-1.3444456863616703
0.7475554908958615,-0.6991732481845438,1.0,-2.9249360889414313
1.0,-0.6577150893126562,0.16073706237400454,2.903009412380117
-0.3541795968156054,0.400942526024622,-0.5508508368958231,-0.08101093476382326
0.5304538520671218,0.7646937425511928,-0.03528922996504291,1.2186001717316075
-1.0,-0.34922207591163357,0.2804974136125544,-2.201866668852139
-0.5021773951919082,-0.5854820909768939,0.025527112059154256,0.708257508580854
-0.2587638422128553,0.28591748937699424,-0.16274584066924613,0.041897798998604074
0.3716394048454754,0.8095839555368385,0.8619074398905491,5.421877793132414
0.5640783726059826,-0.7802431441098618,0.18314752914969956,0.7131280189187641
0.16640271009130259,0.7098910230527873,-0.6778532582529921,0.9682766093383873
0.5395659136141875,0.5826970416257213,0.7360219323061297,2.8158906333466116
1.0,0.6682812730616923,-1.0,14.939970236336098
-0.2144554946724686,1.0,-0.16889415694724774,7.930541166965202
0.8816316625685621,-1.0,-0.8226732775821757,-15.425274888784859
0.26588250636722943,-0.11404757981143754,-0.9990993660147822,-3.3689407395687554
0.18485810173002504,-0.6687503528392971,0.23490766416760245,0.19185885276021242
0.2113587508441621,0.125962358381706,0.5211852495614551,0.5256467762193977
-1.0,0.0026665549405151534,-0.44177637286363125,-2.6432608142007004
0.641936706512684,0.43427126272907923,-0.11135894457968676,0.911133190894091
-0.7842724743264227,0.7251836982674249,-1.0,1.8275970764012952
-1.0,0.8316114502695866,0.34750246630808057,-1.7689276897324206
0.7614123823378709,0.16554349236754806,-0.21033234747328655,2.047779882221666
-0.29498206815459627,-1.0,0.04024598148168579,3.121053517624311
0.5933192896663746,1.0,0.4812694537744491,7.570421541951388
0.15039254753210063,-0.2305403663802308,0.5575109505306655,1.6645855823680211
-1.0,0.8166868509106648,0.5998873580095536,-2.401078013486081
0.07989999615667309,-0.4318586456859963,-0.5988773089572736,1.0318006316408423
-0.2885501611596195,0.18643044525556784,-0.5304286881702578,-0.19976573739896214
-0.10232475802640661,1.0,-1.0,2.7613738048493346
0.9124527135889124,-0.008727914943518877,-1.0,3.921690711529488
0.1824379671106613,-1.0,0.01396100111291676,2.163741497707743
-0.34937004698705865,0.3632964242244172,-1.0,-2.169646701349798
-0.30001319680311567,0.9294177302987654,0.4558332698157108,3.7218119610300833
-0.08332589339512797,-0.6837416678322639,-0.10738987048665982,1.5817549477712771
-0.256579162979808,0.7584601011648062,0.4933090008402927,1.2029695999994314
-0.46221309109138886,0.37906310921228226,0.6110797386667799,-0.8880113002156997
-0.25653713004371603,0.9215654490564533,0.510821911912589,4.964567210806311
0.8942748670380369,-0.3762372995601413,0.29755068252660055,2.3138126100596446
-0.34061550806001506,1.0,0.14101418498355867,6.426374403424225
1.0,0.5639458427247355,-1.0,13.631236828006415
-0.6047399487682594,0.11924802974859117,0.5349675190850698,-0.797910199308035
-0.07870127837806495,0.019396374832200136,-0.18310919253635927,0.48398210491602695
1.0,1.0,-0.5394435565786804,21.085948569964614
-0.325128136463267,0.03783013386617995,-0.5147900802940124,0.5741139824061365
1.0,-0.7856221795527027,-0.0045234514735919,1.354191844214049
0.605021038769505,0.7022134309561971,-0.24075015006578782,1.5992195426474354
-0.4632608719992082,-0.7423584881482088,0.2651201717675331,1.7929850752953362
1.0,-0.8858391877107106,-1.0,-13.564146223997268
-0.2916974729042954,-1.0,-0.4561583592445717,1.1750142959385559
1.0,0.6034779367491065,-1.0,14.26514453866962
-0.27144087238382153,-0.9794364502981581,0.4540337060514732,2.7701000599595775
0.15463491783910044,-0.3201753839497863,0.9367541130013695,-1.9936509451770246
0.3793730040399028,-1.0,0.49535979574666444,0.14694105548478764
0.48199637665302997,0.14554148789429977,0.5848089789712179,0.9072794288021517
0.0374303561592797,1.0,-0.3828442236623919,10.24415637702442
0.28255158842502803,-0.40367636104794635,-0.12875072843914337,0.867610492836534
1.0,-0.36896645826711083,0.04934337967960367,4.413888878448215
-0.5536623501210758,0.0996679092292947,-0.5082280020022232,-0.4443857046595277
-0.08655148910180288,-0.2361438226291599,-0.16302956723196127,0.6647326153760291
1.0,0.05805161455039021,0.6096560995240139,7.91845498448203
-0.9338242825040677,-0.42137596339372463,0.007606995542301043,-0.6541318290896155
-0.47365748728960333,-1.0,-0.22611632382250857,3.978996585766047
0.02204583457060627,-0.12237526069578242,0.8705129321089855,0.11105271296341007
-0.21586315836822734,-0.5899517342267935,0.24541273390195806,0.9328198296089971
0.5626133200497037,-0.9780422990420938,1.0,-6.443399989447051
0.4328286748090471,0.3426711979189234,0.4276818386855481,0.24306781768921937
0.9015304295303177,0.35284630479543266,0.9801235690441725,11.694372845993868
-1.0,0.13506618227229095,1.0,3.5402408820146247
-0.3147000235661288,-0.8224325423488679,-0.5423366765275679,0.8733356686376225
0.7360931721389266,-0.11436008429219546,1.0,1.319065947010368
-0.5704691340209083,1.0,-1.0,0.024037038489630236
-0.14333627213164202,-0.5060364077720889,0.41683831222300305,-0.18800002802423443
0.02880475040235697,0.6017629638228139,0.06431264695222993,0.5252914634814513
0.5387125056127149,-0.15846663667411676,-0.7352187939483081,1.2602825624902907
-0.02103967359729908,0.13047665575516998,-0.33060049185786533,0.7396887996443317
-0.6338678976807255,-0.7393973335233182,0.003798380259010914,2.249463498456421
-0.2598321549285507,-0.6160406535093783,-0.8476360764438224,-1.9061768196736368
0.3927308702634926,0.08840931662156093,-0.8196379060941019,0.447780795081803
-0.07082332720176243,0.7580751253419546,-0.5749650343098991,0.4885299982263275
-0.17912304997317285,-0.5112590943986866,-0.4340632296208009,1.9081077678713596
0.4404453859687101,-1.0,0.26820392631838885,0.20231487030363024
1.0,0.7421404830457623,0.2334537410381199,9.20112378885282
0.05272614835713574,0.14157107262384616,1.0,0.08090373536141826
0.14246792670247865,-1.0,-0.40479601465605874,0.041494202816215686
0.3273118358281857,-0.2501446538540546,-0.5797950954679392,0.9437042195871861
-0.10807021125633387,-0.923593310911557,0.7535150321402171,0.13559062362528906
-0.13398589273977546,0.9672716647540927,0.5771644333024823,6.573400478335387
0.17356162689217758,1.0,0.1024179115540671,7.981012693333108
-0.6714503398462597,0.7719352304277061,1.0,8.854294977563493
0.4583476213247557,0.4225663964652542,1.0,2.8011960859930976
1.0,1.0,-0.5651443834664192,21.34154100804255
1.0,1.0,1.0,26.71753071928365
0.028181935293255744,-0.2980280362209682,-0.24590202738949674,1.30292241974893
0.19977268588890773,1.0,-0.6124508988558863,10.509085246512294
-0.2268683442030337,0.1506075030987688,-0.031208044018447678,0.6447998020489977
0.5836646187820738,-1.0,-0.026445928674028618,-0.5781168341236593
-1.0,-1.0,-0.46891129370987716,5.196315122455946
-0.4154020201723385,-0.08610920897786989,0.5877577302039712,0.012884152187241898
-0.09930996640532341,1.0,-1.0,2.969181349534799
-0.2647416805298517,-1.0,0.40204038159822586,2.0375557981360606
-0.5329632503034658,-0.5834798408558957,1.0,1.5660885679452665
-0.10625286031154868,-0.8971704125285376,-0.17671877093012656,2.278467185904446
-0.3934543531288419,-0.32584689391030697,0.73624809850357,0.06045077935828885
-0.9700665248479838,0.49572446592946884,0.5250056373863323,-4.898274524004173
-1.0,0.18691592081138597,1.0,2.956955922858411
-0.3022129102589979,-0.08520011132485994,1.0,-0.10454562695531822
-0.2504605444248207,-0.5390696557853207,1.0,-0.18417333630868454
-1.0,-0.09533550660054257,1.0,3.8026791112800216
0.3691979564093537,0.0643461105158265,0.2622114871095782,0.8861576408414186
-0.9574854984618633,-0.03998871106275481,1.0,3.180018291424655
-0.29940049822857184,-0.8289495514834866,-0.09641586345770303,1.8872974869834838
0.9160556490617717,1.0,-0.009893664237439204,11.06146737455312
0.2196282542334742,-0.04718314795078227,0.6933468307235264,0.9912390767916597
0.06807049022945533,-1.0,0.11004673949807597,1.8082107281958664
0.594993606551218,0.9652710218051912,-0.02204324541039493,6.77183108984732
1.0,-0.9458966275224041,0.19663535172509627,-4.180484960376196
0.4699469464662922,-0.6552438363535531,-1.0,-8.852403351947618
0.5959817987876856,0.4534329586105941,0.9409411365965206,4.363989361747659
0.08236127264605853,-1.0,0.18040996512157403,2.088788848930699
0.9066586444474873,-1.0,0.4195080178759063,-4.583309036926649
-0.2651792335325147,0.5703735980885101,0.3357134227835239,0.5629796979449879
0.05314249473359478,-0.5906795601765915,0.11908982351943043,1.268553964681206
-0.40904730547184043,1.0,0.32702188282690225,5.649734902158563
-0.7284454214290608,-0.41313331952443977,-1.0,0.8267044144595429
0.8319583593812314,-1.0,-0.9965749263098189,-27.126742745769054
0.20352140245903727,0.1473818317895128,-0.4382975655851127,1.3740399187897117
0.4446707177650764,-0.6331990897658983,-1.0,-7.5894417850275895
0.21626404532689847,0.6841820474396414,0.5053666611731671,1.6907381566752628
-0.5912675661548479,-1.0,-0.05431928053145629,3.8972423491158086
0.40421890063591226,0.07192260968429376,-0.9363699485061556,-0.49440732445146895
0.6779897465031512,0.38790673759901884,-1.0,-0.9268676999764818
1.0,-0.7547047802049651,-1.0,-4.513061962401926
1.0,1.0,0.3629496519014268,14.055540076418918
0.9016783892965361,1.0,1.0,19.228922742780206
-0.05477864864230164,0.28825549006021545,0.35694939739367704,0.5468032901258187
-0.7384135234673177,0.4212595048422594,-0.22668893384297295,-2.6494506378721043
-0.3173210656979495,0.757880741836064,0.6457758207794384,2.0147898382394596
-0.12183354278136371,-1.0,0.9424942917406178,-4.4456253958357825
0.8324207239286046,0.3130370753235503,0.8760651950641629,6.88149561099351
1.0,1.0,-0.3946681257593634,17.56572516178372
0.6322234588283706,-1.0,0.6134427381185072,-1.7737813952601438
-0.16463629992907736,-0.2553283397055497,1.0,-0.01794625549507123
0.7291200781227525,-0.5253296439998707,0.21801822775355184,1.1525294676160984
-0.18807278177646847,0.1490687267792148,-0.1364512448900601,0.46248022754833573
1.0,1.0,0.7424109605403644,17.342310831814288
-1.0,-0.21176313894062382,-0.3314691006896249,-3.399739680471653
0.15743012445997762,1.0,-0.5044096089716439,9.519558655313096
-0.48929419149440667,-1.0,-0.13504780253901894,3.0870158510258947
-1.0,-0.45814007044740057,0.21417562730467976,-1.1716212218805273
-0.7006561962407645,-0.4648452676480048,0.292956981924142,0.973069189179042
1.0,-0.2736051169891449,-0.23273721084070242,5.11264452897817
-0.8995656383067732,-1.0,0.6695773812805583,10.789692325528131
1.0,-1.0,0.24845106831365182,-7.554476783611332
0.012006296555395313,-0.6007263921560915,-0.5710407142140408,1.0040817863743667
-0.26693144852045436,1.0,0.8203350984710116,11.533778232783142
0.5022437856619573,-0.34088232814941977,-0.3251484939991649,1.502636906838587
0.392585406512691,-0.4380791533192143,0.09770467890950685,1.074263050997338
1.0,-0.4819171614824602,0.3312034675033162,4.257840766279943
0.6244635568426478,0.38731363244630934,-0.08684287098203303,1.6967430972902775
0.6853565036689935,-0.9572966868035189,0.010908666725700344,-1.7227412285842933
0.7707107726690743,-0.6765242419502713,0.33263701731951234,1.3783298206651393
1.0,-0.0012027681787727396,0.49751163130685705,5.815975791680111
-0.4868896531652962,-1.0,0.4130856549104409,3.025805135872577
-1.0,-0.34049681739447046,1.0,6.326400154117123
-0.6239961708913964,-0.14228043510048494,-0.6334996299949358,0.465119126626647
-0.7654196176154524,-1.0,-0.04326183965069097,6.203233322230068
0.20806636615857,0.4584680927853044,0.4499635619403599,0.5538809210135236
0.5525989964939559,-1.0,0.545780455321087,-0.7957271806689536
0.35767359454046876,-0.39433224179185666,-0.30433609478326407,1.6908099276241049
0.5634931225250848,0.03780798911677552,0.915252210055306,0.2930023251384427
1.0,-0.4684190376070856,-0.5868541832932705,4.957389757216233
-1.0,-0.1825500380420888,0.09879071983151522,-3.781341504630565
1.0,1.0,0.9967852856154402,24.96566299013949
-0.6221310229923829,-0.4254549319446086,-0.39859734116238377,1.3111015958845795
-0.0777039122995149,1.0,0.3415167147810545,7.6602579754217315
0.03317650498274527,0.4782189680182871,-0.19155195715375717,-0.1749894143876793
0.4088145373799712,-0.15351121833655013,-0.7868728263062132,0.6163113058569515
0.20397615106090838,-0.33990257860092776,1.0,-1.9953667079335886
-1.0,-0.03358897299647068,0.026952427453277972,-4.3543596896680405
-0.5789710888568755,0.7942980435020512,0.4552233157423473,0.09098943927549083
0.7063196335422042,-0.12001904989103762,0.20241272559292267,2.3544559636116147
-0.1513040326797963,-0.04156499490155663,0.9880199224570076,0.2325470311897469
-1.0,1.0,0.0907713810274442,6.204558723277374
0.011501114754032704,-1.0,0.857150368417567,-4.37218852189753
-0.8589176213930956,-0.8713573597975306,0.2857608951843791,5.990358780817309
-0.19327550857758213,0.226511272646569,0.5179911645802289,0.17129411192560012
-1.0,-0.5402492652457664,0.31995128656371086,0.4889680638929784
0.26536479207165575,0.7821938550328478,0.7902586747828704,3.444527308870201
-0.7814398971554282,-0.4588706506116327,-0.10818064240536618,0.6849987144533202
0.45534052650757806,-0.26845221739857084,-0.5659401509608908,1.4275908317722774
-0.30648251501290313,0.42320540161820364,1.0,2.946762176846711
1.0,-0.8919928145256919,-0.06980088138051377,-1.992299673398403
0.08659833023702768,0.6310496942022306,-0.01904092945393976,1.0206448517295055
-1.0,0.5653771311910674,0.8942674639245758,1.1722003943903712
-1.0,-0.2613202033662074,-0.17780377431743744,-3.559543886308484
-0.35266539034205246,-0.4916997788475852,0.5576719745713945,0.9732081202654608
0.006284531199471255,-0.35284274549338557,-0.1243544234846865,0.8734731132506824
-1.0,-1.0,-0.8088786127525973,2.967159845120829
0.21260999707629358,-0.21154076300912972,-0.03418604854671203,0.7886001224659798
-1.0,-0.18675718626690463,-0.25178875410362567,-3.415931619860391
1.0,-0.2933223083298131,-0.5981141450138538,4.988997590648299
-0.957052432787209,0.4424289589113102,0.6356397291404572,-4.33867465400915
0.9297081526610733,0.37531240385830733,-0.4179157432120457,3.5648637296372514
0.06602377738637677,-0.349704813983859,0.6480351436106941,0.28856630281370127
-0.612299123628222,-0.21306996363765385,0.28474252679323486,-0.35972649878966445
-0.4359641088966246,-0.43977351648420426,-0.756083375697387,0.7651135557376927
1.0,-0.45790091274070344,-0.13107534514718067,4.078778207955864
0.4115994198392292,0.6781694012009998,0.3810267918006034,2.1833381344115663
0.7069084096407325,-0.09336104366528186,0.6339908945247055,2.3091322242226107
0.6557921711049999,-0.18095160101166363,-1.0,-2.81575474160548
1.0,0.16981822080243458,-0.803374457313978,7.378402729712759
-0.7537513134127372,-0.25763760576623773,0.8783109105466655,1.6285837751019638
1.0,-0.25654301796239865,0.37926691212568375,5.786202289335494
0.34650043226014704,-0.7144147000011642,0.5130989102471661,-0.09284999694689555
-0.8017871370019385,0.7197194089080503,-0.2789404371056663,-1.7206870778251528
-0.7224347509583158,0.31497330537264534,-1.0,2.1257789013691837
0.46988476342208063,-0.987025179133912,-0.6664370456949065,-4.899778885285055
-1.0,-0.7476641717508312,0.40330419235178594,4.125241119920528
0.5012223734560581,0.9594433821024568,0.6689897466318087,6.139093637997648
-0.7331372143860528,-0.5364787488774037,1.0,3.1759066510476632
1.0,-0.19662568399215097,1.0,9.274592803806996
0.9375569203719447,-1.0,1.0,-9.45918889114661
0.11550246968790123,0.5945618432878674,0.185187622932943,0.36853419576403257
-0.9579605349903826,1.0,-0.7643160224646393,9.865447207220138
0.04057957406454338,1.0,0.3034733802320593,8.143861689204254
-0.1631185973689795,-1.0,0.78776954004473,-0.9220098394149405
-1.0,0.7934297991617547,0.1383761150364431,0.21017821472716425
0.9547121921906128,0.852255794597413,-1.0,17.669952410608396
-1.0,-0.8961091375525925,-0.30231725077770677,3.6805692235693526
-0.07435783304247567,0.6563820680329795,0.9386479466757125,4.112818596327843
-0.9371949799059283,0.8894486084638582,1.0,13.210600080726099
-1.0,-0.6428294804560897,-0.07541335988454856,0.5334367739254335
-1.0,1.0,0.4544262428412562,2.1215331810404114
0.7619038164471248,-0.7083217288214001,-0.5890249060007198,0.1319907671031944
0.03674602463654009,-0.3424650510609115,1.0,-0.6293257884687219
0.03574593316448471,-0.7762803500539182,0.7289782975625625,0.09026412615172447
0.256224999186782,1.0,-0.1538528088381228,8.765462918856855
0.31674947740558523,1.0,-0.7679079297596485,11.201269865546388
0.1281989700377315,1.0,-0.25365804177153173,9.788202035503346
-1.0,-0.05786083600925562,1.0,3.9500050910869464
-0.32000153927342634,-0.5520687423587547,-0.0014227432464857248,1.2681246031027147
-0.16646191679628952,0.5630955990812805,0.3607592482108124,-0.48457655315797693
0.6050038192242704,0.2071500400833599,-0.3307953580606202,1.8904322856347582
1.0,-0.7099990039783173,-0.25573304916011175,1.8042394654021379
-0.5246505098760956,1.0,-1.0,0.6787665604751321
-0.297945756213956,-0.28713702240079964,-0.24391788195936215,0.4809772891720028
1.0,-0.5456934136091829,1.0,4.545308297207239
-0.5767671609358871,0.010622490445181931,0.21223905168883883,-1.136394567487488
-0.5559458188039945,-1.0,0.4752506433343049,2.6754329179647462
-0.8253407473444625,-0.8296694158600244,0.5902441359864368,5.553543431178451
0.456100054662276,1.0,-0.07615842088435043,8.621343035323973
-0.8404819204310576,-0.5839550834147023,0.6680584413239103,2.8447583297329166
-0.37703412577229467,-1.0,-0.37797678733271467,1.8986266888012389
0.4776230635996055,-0.48509080529813065,-1.0,-6.069529153121526
-0.5860506874364446,-0.7388709593997893,0.9326968363931338,1.6297342841118683
-0.5422270144589145,-0.349729490808909,-0.8526795316427691,0.18665211872219253
0.4611338402884331,0.0897313356953724,-1.0,-2.005800160745447
0.9619896191720723,-1.0,-0.06669515379735613,-7.447314324322569
-1.0,0.028591113598082085,0.08568466199834779,-4.545555055246314
-0.269923142080037,0.2855634005613892,0.16436859678837568,-0.9606575343099476
0.9826545859651441,-1.0,-0.7636081185224421,-15.164224254208829
0.9239084373700912,-0.3222754512877637,-1.0,0.9753927213432538
-1.0,-1.0,-1.0,3.8228644806442174
0.7859283237440986,-0.7911065445034688,-0.6309689179213229,-0.8817832856747274
-0.9529499287855296,-0.7504053979536156,1.0,12.259924744321216
-0.10039774730257722,-0.13479230364104433,-0.2713316741986256,-0.30292300025820984
0.07850000178129468,-1.0,0.3886131229277574,1.3600742767802465
-0.4534364594353282,0.8403139779887061,0.7202385755137632,3.0039839578478
0.1652505103997206,0.8738317076937332,0.23840891007361953,3.0332018306828026
-0.8752964685940867,-0.15446209839663094,1.0,3.6622634026749163
1.0,-0.3217991069265995,-0.8918761197919001,6.913662670861146
0.7160312133705029,0.9002344770592268,-1.0,5.665997460271809
-1.0,-0.2249173861099747,-0.4529009260493688,-2.2367782870760173
-1.0,0.7023168607087744,-0.13040159950656927,0.04359142907981077
0.9098781069497193,-0.4783485530624594,0.19830336516200475,1.775479038626898
0.8970746741062785,-0.9029990381584589,0.21482172342771988,-1.7703175044865123
-0.04376513758474965,0.7058364797186432,1.0,5.9517256635078075
-0.4575633801063994,1.0,-0.3285684783784293,5.906561327773852
0.13451102850693442,0.6689238372779933,-1.0,-3.6663448584374914
0.29609225503507375,-0.8824292772047073,-0.5927021587922123,-0.5915981535684037
-0.13904738737222466,-0.4055679074049381,0.18311244377551872,1.2736079117664318
0.9421477853432538,-0.4098222604950479,-0.3046805237753467,3.3129728038702697
-1.0,0.7391323234350231,0.10768546471053253,-1.3062004814887846
1.0,-0.39241979265977567,1.0,6.314959670624398
-0.9720611408667479,-0.7718164300796,-0.02235993644598011,2.605783369386068
-0.2393879222168105,-0.9896116709505451,0.11559964020702251,2.9305698526622956
-1.0,0.7278411440832735,-0.6440605915158177,5.1751556943637
-0.9188782345300126,0.5390400626385738,0.06696367102394118,-3.8456222358352408
0.6401406689767126,0.2823059901759206,1.0,2.167214284983916
-0.5786192509126293,-0.5478092157593262,0.07209858563413829,0.8943605495216136
0.6002529670951671,-0.04032928485680709,0.07855567388938178,1.4875119769391414
-0.6819196284598792,0.6905408433252509,0.08632597692838617,-1.9544816669125826
-0.6054532926754173,-0.16423798415708757,-0.11867222917967535,-1.289553336072764
0.9498228532510562,-0.37213547912327183,0.44954984286096367,4.0426667933052265
-0.14698358563496905,-0.6905664422790319,0.01187178949230061,0.9577777887244132
-0.5929583445218976,1.0,-0.3860563612997101,5.197286144956784
1.0,0.01401716625651983,1.0,12.844366436290903
-0.5662869458164355,-0.0962769972635098,-0.428237813067059,-0.14106457201505038
-0.858378803758526,0.7012081225764113,1.0,7.183018178480101
0.45010429457474976,0.5860136136118645,-0.24488127156806128,1.3190090775981542
-1.0,-0.35094380890225163,0.0733869644049383,-3.2716216937781724
-0.02081088399578057,0.4848192175205088,-1.0,-2.9095922898616102
0.9421120687017361,0.4614546903509953,0.006159036439725707,4.97483796014979
-1.0,-0.08401828578377302,-0.3866337854062658,-3.328200419129443
-1.0,0.5599890268199119,-0.14833792404071588,-1.7680790687917307
0.7175993224427633,0.1760637057550667,0.46122870208179423,2.5238051863455833
0.5085075631266336,-0.6857163746382593,0.2584724820108917,0.7388263639701641
0.7254273524176658,-0.16307521017022508,0.6948063459585065,2.0822334753409004
-0.16846146760200043,0.9365622422254509,0.44972287856055626,5.388634184760679
-0.1664820881765554,-1.0,-1.0,-15.917339779801598
-0.11888734033874848,-0.68864122631044,-0.5572315150630525,1.0676094496586086
-1.0,-0.07366804100845492,0.015066588011144466,-3.538323868696728
0.9168122307883864,-0.6479434593928948,-0.6618112023620357,2.3360819414101353
0.4800594996366925,0.2731102964469794,-0.05404893162156399,1.3127273737569007
-0.8181970861958501,0.03128006553656415,1.0,2.652578226962313
-1.0,-0.514644342029106,1.0,9.243562711802337
0.09651769055871728,-0.5543664961458556,0.6295170490843158,0.6410348684905527
-0.31796240570448364,-0.09646527783145986,0.5547866491777191,-0.038300597794946635
1.0,-1.0,0.6627014295865516,-5.677992685813335
0.7708373804807627,1.0,-0.5054442421749745,12.89533710195314
-0.1861484060877603,1.0,-0.10717909819290217,7.754163625312833
-0.05712220582619576,0.6465458669357278,-0.5701786353000542,-0.1000811421930935
-0.2191006237922528,0.6032926831602008,-0.7996342999269839,-0.30288820106751246
0.7204393456945601,0.03604848319541332,1.0,2.3191104546328747
-1.0,-0.6884477283035342,0.5449320918579377,4.793114014463537
0.7418747324001695,0.9916618056043744,-0.024039858910840595,8.718165031294719
-0.6835842047623979,-0.34729431485722184,1.0,2.602760235601326
0.1927991327299705,0.38478515100193533,1.0,2.1365771349308647
-0.7693672457674825,-0.3862485440050627,-0.8496043663902224,1.5263599809428867
-0.36324696982358873,0.7625632249729586,-0.28033143386497783,-0.16223634147272736
-0.136652243803987,-0.36453464344020103,-0.07127865938235467,1.3015344558024027
-0.8066197347224606,0.5154738440590989,0.18846756213826854,-3.281219827329024
-0.055805499419728344,-0.3642183492833604,-0.5279864727383896,1.4307182717921783
0.4629717065998753,-0.20319310077712638,-0.9907707370185661,-4.068479402538797
0.5288789266859109,0.37376532907296567,-0.07634283827870725,0.8973060480335361
0.22847678573709884,-0.775679908176721,-1.0,-10.17463668176368
-0.7644933473511022,-0.8416924467945197,0.6301518268795216,4.363640633347994
0.7724271281551742,0.7372613887690518,-0.8477132518138522,3.519135753804785
1.0,-0.3062721994047284,-1.0,4.745205311737225
-0.35175294079253816,0.3893015847969341,0.3968614236506449,-1.335993630969797
-1.0,0.19967608608049847,-0.824714522241859,4.063212848328498
-0.4252615778824935,-0.6678312801776851,-1.0,-4.441521381143522
-1.0,-0.6992365355888017,0.04812089665978547,1.9113479227998713
0.8326779164467524,-0.7145521575980494,0.47322335483920464,1.1118784037709109
0.9554931093175538,-0.2699878675748013,-1.0,3.0428135139833272
-1.0,-1.0,-0.9912241820232104,2.2037607006719253
-0.5767031991705998,-1.0,0.7456542272179312,2.1807058655154514
-1.0,0.5195163651168551,0.575548550774154,-3.780731306416134
-1.0,-0.03033290242614184,-0.37895630160302685,-4.428646818392577
0.9544168512510689,1.0,0.6727637030336393,14.122496874957788
0.08567743644174697,-0.17681927641437056,0.127250564788139,0.6405899997240955
-0.8627086562840283,0.16071661475340404,0.04503078141626715,-3.159515748581101
0.49429119744923566,-0.15912202288948052,0.19313933254230786,1.5895031450790749
1.0,-1.0,-0.46945908810413606,-10.849880432468693
-1.0,-0.998845794722999,0.9272232067109449,19.53712906394786
0.49674669636098767,-0.4774098781336624,0.00347115259759212,0.5164160429550898
0.014938294378965988,0.5850484578380148,-0.2074198373620555,0.01733573442107217
-0.277155529799074,0.7875458829869195,-0.28673246153026777,0.8527786271757019
-0.5070393779981364,-0.9837849895458441,-0.009102308288990724,3.970359139089628
-0.31066154193391005,-1.0,0.8382031336304794,-1.849867201541297
0.31675187268493143,-0.31098216144638724,-0.11419520227363256,1.5092384757392838
0.3289708857753031,-0.0011205545732080324,0.29407814580750435,1.0027904512263872
-0.3469831647276218,-0.08901409924255099,-0.5572760050268264,-0.21310539075005885
-0.7957540379708765,-1.0,0.042465025532260725,6.387115153187691
0.08337591694147717,0.004060011006641329,-0.5393048157911566,0.2536467942465489
-1.0,-1.0,0.2985296072487633,10.084237427262755
0.6754098150302899,-0.5002296621740856,0.45927296150357555,-0.04820875457018281
1.0,-0.3212167077015291,0.8963998812142489,6.318655579020277
0.09397033545738376,-0.6747168290167862,-1.0,-8.302671074000658
-0.44545381332093625,0.050513955437587965,1.0,1.8265676032850848
0.6819596272295427,-0.2613033614226117,-0.4045717923251535,1.8492276388304325
-0.5229562293977037,-0.30034043050186865,0.7588067798667508,0.3629715907874985
-0.2667453942725073,-1.0,-0.3018184806536277,2.73200978113161
-0.551229332150851,-1.0,1.0,-1.7841618239124497
-0.5154062847035363,0.8826572688053185,-0.6897491267213842,-0.20788582861978888
-0.16180822327393307,0.5728585134112081,-0.3323072553025359,-0.36366478296485805
1.0,-0.31144036368802563,-0.029752632090710884,4.308124484048761
1.0,-0.0982341730993348,-0.6337577579853668,5.802832488521798
0.6191414826715931,1.0,-0.6169232181684574,12.93682856701983
0.3805839801582067,0.2515598722234009,0.16135320303611844,1.3843638721975187
0.6386812134611628,-0.07620653138512079,0.629756136314308,2.0981950698793765
-0.6727721614184632,1.0,0.4975656250377689,4.576171676260483
-0.20655793025821412,-0.24496332051680247,0.9627283507100826,0.22457114167082826
-0.07446783772347065,-1.0,-0.9430939539127465,-13.695680768204781
-0.4409336061365532,-0.14900843063305302,0.5554136169450055,0.03823868378794254
1.0,-0.8288759520317805,-0.8739322401076473,-3.0021439963957204
1.0,1.0,-0.26978374178199505,16.48794350016475
-0.5808684270118578,0.9909890109445161,1.0,16.584097367748218
0.5734188863138157,0.11189061616886731,-1.0,-2.1510450600564117
0.326469784377599,1.0,0.10983739058877506,7.285785741211042
1.0,0.07675414716668505,-1.0,8.624257926426743
1.0,0.4536470463452089,0.9335611996333679,18.662709768281157
0.17075435337997136,-0.41567749707668544,-0.8174659661576522,-0.2607274897770798
-0.544375633545666,0.32748529304706797,0.4886306369557525,-1.9929588976590922
-0.22613829487629267,0.9224453639244141,1.0,11.945759696872175
-0.34316751250940647,-0.17909632317791946,-0.31569273097333883,0.3856281973244
-1.0,-0.8945181514840237,-0.7150529308429354,3.779772690297359
-1.0,-0.0759239887201335,-1.0,9.551620508047337
0.4472202811304007,-0.20398183537040682,0.03344253561409971,1.7893383555052529
1.0,-0.48685904897013565,1.0,5.70247171321445
1.0,0.43834263049730193,1.0,21.426255785805708
0.022280682149126152,1.0,0.066264931943677,8.212296799353268
0.9415603221302318,0.16447732844045926,0.4794741035347325,6.110314442928111
-0.3194976177956501,-1.0,-0.4200859918577282,1.7059817220311322
-0.6727212967045797,0.17775434069760387,-0.6688109237754534,-0.10027590003513065
-1.0,0.1203466027845812,0.41913632548383695,-4.741827597211446
1.0,0.06343384271030339,-0.9710727346007599,9.906985776326149
0.382094635127441,-0.09816277150008856,0.2626592348866885,-0.035584647696463634
1.0,0.11469404057815735,0.3897180813488652,6.022847438308228
-0.8403993472540587,-1.0,-0.11896745469672076,6.279480650390539
0.7777115317280372,0.8297854444287767,0.021573063417333005,4.283729445655049
0.052106129081932906,-0.2877519062635252,-0.5552759508926974,0.03537921767489993
0.503816276817002,-0.9629512478889062,0.012309158241013973,0.3769697106396407
-0.6759383164808228,-1.0,0.14906899877719137,5.173365007216588
1.0,0.21664074842964887,0.0838749643087624,5.094248155267625
-0.25847480211946383,0.24657066223132684,-0.3787925305458961,-0.3909469774538967
1.0,0.5817540963696912,0.8913631270409859,18.798865983717594
0.8710350717331317,1.0,0.908524686760988,15.740845443022524
0.4330269786690646,-0.0069526902861665185,0.8088948481725116,0.7457874686661032
-0.7043048540803547,0.951673355401544,-0.9042725320774492,0.40488335807492837
0.262885993455952,-0.22142114098778776,0.17812145612785102,1.2466017470282877
0.802023622575641,-0.8682286386843734,-0.06198588401693561,0.5369831069039259
-0.17467137939237642,-1.0,-0.08674101008489221,2.871444346806932
0.3536215048695781,-0.3546538595018791,-0.5097093165168742,0.6941647441417578
-0.01963986981206234,0.019295493100492944,1.0,-0.1628031969686804
-0.3256731014756411,-0.2746914902217621,0.12704127954004152,0.05911960938370897
-0.059703945530321656,-0.04750578218189716,-0.6567120316935553,0.6208072177755122
-0.2734658174881479,-0.04153968866413682,1.0,0.4121385160028192
0.36964664191178986,0.0057791927019865685,0.6251798016096262,1.678902814980019
0.25761362505618157,-0.4500777865110639,0.43081052809198317,-0.06465269967888743
0.46951225161054966,-0.41317094834080415,0.06171811950734818,1.6812955322160603
-0.056775884446999436,-0.7656053270848258,0.07856397818809335,1.4025760188453544
-0.5105789904873543,-1.0,-0.0857273505189089,3.375949465596526
-1.0,-0.12473189031463816,0.3402267381306523,-4.371208690698309
0.3199075961843647,0.1278884284611863,0.5465983579054725,1.4388717386262955
-1.0,-0.9344552804341926,1.0,20.34816285665414
-1.0,-1.0,1.0,22.346081637907485
-0.5474299709649131,0.042092859228724855,0.05166493086996948,-0.22060347821497006
1.0,-0.3417360694900766,1.0,7.691031920226809
-1.0,0.9900501687918382,-0.008193336272279694,7.443640091156764
-0.5757509537056438,0.5897764350994297,1.0,5.121539073375705
0.5464038935033735,-1.0,1.0,-7.398873647271404
-0.05430075420106184,0.5000574506533852,0.22984428820269165,-0.047908932970245205
-1.0,-1.0,-0.5253038867598205,5.507092382854014
-1.0,0.010565184146890783,-0.36107465952148354,-2.7995937945188363
-0.7565987464670085,0.8277260545227365,0.365994049926039,-0.17673678573940355
-1.0,1.0,0.45113478864717105,2.6191382732156008
-0.7257882214116813,-0.6588589912053422,-0.4491752554564752,1.7819227757002336
-1.0,1.0,0.23856087414526872,4.582763150260478
-0.6149594959339082,1.0,0.8224828477783737,8.39799232228136
0.002860481689865857,-0.6674649771197554,0.04278433755101285,1.6045712115274033
-0.5804626361286396,0.9022768165334893,0.40134002564030546,1.0878096564841444
-0.9074384478477973,0.12029432498614256,0.4857044957029901,-3.5209320149897065
-0.49566735598991674,1.0,0.8241905450990286,10.27889001681243
-1.0,0.01879418863592197,-1.0,11.654028408128557
-1.0,-0.2848365293213704,-0.4624765544643097,-1.7569002485040275
-0.8798136173849709,-1.0,0.0819905822160818,7.294289086318778
-0.4316307309922902,-0.3904639293630052,0.1267354539496448,0.04228857465736657
-0.6144590403425851,1.0,0.44150190400520817,4.972099910572409
1.0,0.21664941490132228,-0.39260332761524896,4.518165923076074
-0.983863498170308,0.8108581794430556,0.26128021736757967,-0.7921624656443613
-0.5083988328839446,0.7970349705832518,0.692681814106868,2.095877776542091
-0.5989557563248751,1.0,0.7560673634885839,7.051578066796866
0.09637832146206171,0.413891872420705,-0.5978946658489575,0.7039048658737356
-0.31088001026974976,0.9574241258269622,-0.21333789777310574,5.584079037818496
0.25600503576336475,-0.18657041219378123,-1.0,-4.060337114115018
-1.0,0.34646098981425344,0.7906167797084172,-2.645755407366323
0.6108580017382854,-1.0,-1.0,-23.879139725354026
0.14323909773086507,-0.6674900801352897,0.19791992520518908,0.8298661298543363
-1.0,-0.40049080606417053,-0.2087158052753264,-2.149018323426294
0.7647109434266106,0.23446517997762473,-1.0,0.37924774317379445
0.8275878781049031,-0.35459315447824435,-0.14537798262396562,1.1028190655242138
-0.5179945329229021,-0.6758338429171729,-0.15674721557138827,2.125821560118265
0.013405282527448659,0.7609668833990864,-1.0,-4.164107278616433
1.0,-0.9477594299149881,1.0,-6.406023097734119
-1.0,-1.0,-0.7504711253406875,2.7231007435915333
-1.0,1.0,-0.9247793499921542,16.719989364615472
-1.0,-1.0,0.5009758226925514,12.121539577946281
-0.43386462965296735,-0.2972161975239671,0.40173274980120954,0.18208950159283194
-0.6122898388540765,-0.8215542751364631,-0.3916719441609371,2.2135842181998115
0.9424617534184982,0.38187959470901967,-0.10237567049872154,4.87717915617036
-0.8341769773041685,-0.11982306949541432,-1.0,5.712444103790867
1.0,0.8171228455295774,0.8024988920598992,17.227984196792185
1.0,-0.9246749896951891,0.4960830417921136,-3.0648031621407474
0.7909249974110009,-0.018176402474870068,0.7048386956377686,3.812999316668109
0.20355031526699952,0.17316934320296307,0.36383985366220517,0.8631354779179523
-0.3912299661188454,-0.35498725334865044,-0.7209485251606997,0.46566167285153515
-0.07080948158062927,-0.6751291484961217,0.7374792501750271,0.3152539601097947
0.47068143141220586,-1.0,1.0,-7.411735196529939
-0.2699530299285424,-0.5218725149915897,0.3404319265848468,0.6065446341768908
0.07234871224279327,-0.30163910118609083,0.9031299103174852,-0.9914925590189867
0.3387953457882731,-0.796131196121207,-0.02465900291566414,1.416438569881559
-0.566111143803756,-0.9946365071381162,-0.5966263363398294,0.8864698050845357
-0.6228408190215966,0.7992926910876403,-1.0,-2.4277885845541265
-0.5415122000133732,0.07984333659299137,0.7467676248140511,-0.7696847596085583
-1.0,0.030375970076013115,0.4534548536446956,-4.558500456728133
0.7654269223192105,1.0,1.0,13.193167156373606
0.30721214538851616,0.013572019853340889,-1.0,-3.070286275390867
0.6609525473156439,-1.0,-0.7286929871801824,-8.754260404729841
0.5542049588193445,-0.006944376340121572,-0.2898611028947864,0.731787945543235
0.89402391797553,0.7227301036068337,-1.0,7.826741731672154
1.0,-1.0,0.12333174707951744,-8.302023453972078
-0.9939521961740576,-0.4678160114942622,1.0,8.458849913101444
0.57549790407293,-0.49168747604004204,0.33817991242148016,1.5042645570070015
0.20800141677437423,0.923917374974732,0.30714509527512335,4.448835815155412
-0.10885902597054797,0.17284734266032897,0.0664234874265377,-0.13084558304167915
1.0,0.09497122544340764,0.2458219310626033,5.9169796582742205
0.6751784771736125,0.166843095994764,0.26719600151343625,1.8036520581379731
-0.3633172751644249,-0.360453137916501,0.8333827665847748,1.127606360627545
1.0,0.002166026633135809,0.6132262303764136,7.024788087983861
0.3283325323865358,-0.46980211056940524,-0.5435121041334288,1.4505213469324332
-1.0,0.2652577271857912,0.4278230528753397,-4.396272251462349
0.07959752231980866,0.9894084298367656,0.9873967635137735,11.314259187826845
0.8661033499356439,-1.0,-0.25097225595611516,-6.124126080131047
-1.0,0.29887993866781115,-0.36562706562104763,-2.2874891312961365
0.9413290752587253,0.15283781890870252,0.6493989869582248,6.8778859083827
0.5145281603063223,0.5561403575886101,0.8556041002687396,2.74717953688303
-0.563359867869339,1.0,-0.28405079960108326,5.160321260953001
1.0,-0.7983788541124084,0.2748115744516333,0.6023540152923957
1.0,0.9078640444129751,1.0,27.15659742262892
-1.0,-1.0,0.6441330073049283,14.374816762820098
1.0,-0.09297535682805247,0.19970340326695513,4.434460107575047
0.1735825145156955,1.0,0.3191582133637023,7.868294332270976
1.0,-0.1492071574827425,0.4148851734091328,5.924153962975289
0.7312324524807607,0.4582366504089779,-0.4664633833527114,1.0669630045508376
0.24135692531915431,-0.9296655369463998,1.0,-5.689051734028477
0.22395041767578006,1.0,-0.9599843349615163,7.219675398230585
0.0062000614472161875,1.0,0.3914041639815651,7.054958135267553
-0.11510736536705157,-0.5082119746208484,1.0,-0.7620672045872379
-0.5074092987974672,0.9113270046077175,0.5495495840226436,3.3192626143638857
-1.0,0.0955630853823124,-1.0,12.10606429992324
0.8999669250013711,0.035131202834741915,-0.7331858041032469,3.644177299365067
0.9603384757814213,0.16578237280462393,1.0,13.478571140803854
0.9568414611391802,1.0,-0.4366841899453173,16.45781746587406
-0.6283471883565621,-0.8172216902647071,-0.4767725669413385,3.011410772630991
1.0,-0.2260048892550921,-0.05462499145045441,3.394550614175931
-0.053757299006375714,0.7131979028488182,-0.967717081457796,-3.6792243261439097
0.527407206470343,1.0,-0.8832714394111665,12.141004515073686
-0.12356866890938822,0.24773436398363846,-0.1879467464172977,0.2739695750230368
1.0,0.0941151621691676,-0.6718838152625528,5.714411863396535
0.9062098954565969,-0.248674616881432,0.0384850042795406,2.8404014394936294
-0.0915470155582252,0.6647971348545625,-1.0,-4.2495654837646795
0.5960615665986024,0.0603978707302506,0.4240836870404596,1.2914405114521919
-1.0,-1.0,-0.6113086249878312,4.487021377818317
0.01516009492964665,-1.0,0.06854037422257608,2.7806276793451876
-0.9666405780253766,-0.6821797276047572,-0.12928303032981248,1.4620684683369953
0.33215213474517835,0.01030627653864391,0.8326265180038057,0.3940218619133536
1.0,-0.7863638315873656,0.7968323758815405,1.6065193681020211
0.4575160471140909,0.7347189420866682,-1.0,-2.607599195935632
0.03724901461698926,-1.0,0.15964738263864375,1.933839837933126
1.0,0.2159884588837182,0.42457483574913857,7.605841821870972
0.12038384758477538,-0.6969242738954784,0.06100476220125173,1.2814287340710644
-0.16095535799874283,0.13357654124427154,0.2902291385264746,-0.3853689566192854
0.4902927103201513,0.9755489234733108,-0.5570620695524655,9.000975331583144
-1.0,0.6943037497404891,-0.057708307643476564,-0.2777003182572415
0.008411002668250678,-1.0,-1.0,-17.216173282368494
0.7249226553199517,-0.9736785684974716,0.8602073121616673,-3.842888041131921
0.8169872853132318,0.5743987363977989,-0.8494990239089242,2.883205843043166
0.13016511680187093,1.0,1.0,11.474127850335547
1.0,-0.007140365470378551,-1.0,7.98962174095187
-1.0,0.10651055767668338,1.0,2.407244066358009
-1.0,-0.15352483598958688,-0.6319622707586956,-1.4305455483545588
0.4159812740011717,-0.09449159558404308,-0.4737452902775834,2.2579453394053055
-0.00652270146158318,1.0,-0.4118588571698316,9.241342714177248
-1.0,-0.3077840649585615,1.0,6.356744463908704
-0.33139868053493093,-0.13427487516043657,0.7974684564467671,0.05617988268915368
-0.21204499214132477,-0.5860815373014865,1.0,-1.457572797904385
-0.023102076749780487,-0.15080643072275146,-0.45506650433582796,0.19253717799754844
0.9294975432979289,1.0,-0.31009917549031263,14.775115432473829
-1.0,0.22293293145513382,-0.3417505189462209,-2.2848315243321053
0.7674048806254672,0.6528272481724915,-1.0,1.8076739781322937
-1.0,0.7715861544107068,0.6237205797231526,-3.117144885719321
-0.09874323508370186,0.14357538224969124,0.5428009122775534,-0.3373259431241759
-0.37340448271282045,0.11106516693900903,-1.0,-1.8189576140878927
0.3332801932303042,0.03155857751227131,0.8729479634394146,0.04842479337449321
0.3254005498545183,-0.31499114778270876,0.458547756954633,0.05092579841094924
0.9535606853687602,-1.0,0.9524444819351578,-7.199461183462291
-0.6000214216134854,-0.7306967321191364,0.6889626419052093,1.7167779940757035
-1.0,-0.08865143041433288,0.2078088791002417,-3.8901586032101045
-0.8513092086798246,0.4370358610720295,-0.6549295020312,0.5584580644339299
0.4194547955678074,0.056559319023813615,1.0,0.23985722364247458
-0.5353707414983455,0.04542798485289512,0.0021513904941610207,-0.4737939398344668
-0.3734657788690323,-0.7241296536682003,-0.7856104429166986,-1.168835050974987
0.27728530700339027,0.2676424511911102,-0.6081823847853485,0.5002936205935612
-0.23242687055704225,-0.9073115017474411,0.2051366277564568,2.626828866492577
0.8044487264127804,0.34434664910016033,-0.3025133345297657,2.0239803639750176
-0.1521086813683088,-0.6328813142803171,1.0,-1.6622137676925344
0.4104306518844094,0.045946038064421435,1.0,-0.8747942899908699
-0.6796554218314739,-0.7482454695320817,0.40946238242969124,2.881201844654192
0.9203021740039823,-0.5696356108810987,0.3773756381052633,1.8362324595375439
-0.575745329754427,-0.8360378623831919,-0.14349292542156045,2.995027544462391
0.9890337976606511,-0.5049439633141439,1.0,4.771955015814851
0.32303159480143107,1.0,0.403258411244366,8.259342781698143
-1.0,0.9103166408704262,-0.5637441596819288,9.12372628713286
1.0,-0.9131468174134962,0.1209474861723161,-1.9613295952693839
1.0,-1.0,0.07261293328410745,-7.9716765381127805
-0.3106362225677166,0.7681042070553588,-1.0,-4.312039749106457
-0.7755195952760927,-1.0,-1.0,-4.672103835536354
0.40091078458231877,0.8603605572252944,0.4046883655776501,3.2364131933609523
0.10192943127702359,0.9624178116926239,-1.0,1.4685751102085014
1.0,0.8428751180378451,1.0,26.728231443821905
-0.7012568226038229,1.0,-0.6495840073085677,3.7467842159956612
0.22629273991852838,-1.0,1.0,-7.978967891138271
-0.00608876310874118,-0.2645310504642999,-0.09502874677430895,0.6752710626622407
-0.7409439271866267,-0.4971642635896636,1.0,3.3831209913935325
0.4967947147629821,1.0,0.05294554690878406,7.0900705564849185
0.3435270062677971,0.41270062765447,1.0,2.364036288611041
-0.6805190851258303,0.12645957896194226,-0.007934828913999992,-1.2768830618986367
-1.0,-1.0,-0.40442884144822844,6.207629570333723
0.028627934969030377,0.4880102091079148,-0.21446935003178846,0.4489113082401107
0.8582612721305265,1.0,0.7014032728273751,11.316543033675138
-0.10305186070239025,1.0,-0.8097105201493178,8.0060885086484
1.0,0.3548152691310926,-0.9517526075147598,10.061173871542941
1.0,0.8987283104275099,-0.08420154134546087,10.436457998839979
0.23583008001889172,-0.027393860344042675,-0.9452039624671635,-1.5089192602109016
-0.021234533444920656,0.20767348832800203,0.36974540271250933,0.2966894041806464
-0.16203980953432007,-1.0,-0.4784088690978372,0.6150430242431141
-0.3213701650190959,1.0,1.0,14.990977138537398
-0.16402726032593562,-0.21584027452221588,-0.002473615556933151,0.6641947706901291
-1.0,1.0,0.044786035882783404,7.228580028856639
0.9167519641621014,-1.0,1.0,-8.364804831649826
-0.06309682666524741,1.0,0.4870277747380849,8.331564465440273
0.4195176891507282,-0.3116831636045194,-0.48566309202124924,1.4425925380060232
1.0,-0.38857611182032237,0.7299651259606736,6.069394443369228
1.0,0.73508531322577,-0.07857965046729798,7.621885582668429
0.24980098150400276,0.8716919663845564,0.4737006812887552,4.424280097755716
0.9508756675076686,-0.33932581927993977,-0.3019702937220883,3.6643428991425098
-0.20496514207147132,0.7217787536437918,0.4420790167027908,0.3368179150326861
1.0,-1.0,-0.5170135797258331,-10.766820447554965
-0.1662621819211607,-0.2871305408242486,1.0,-0.15796347932704358
-0.08631407434387972,0.8758952694363735,0.15359124529123758,2.6458777919646654
-1.0,-0.06258936036906526,-1.0,10.206948816965868
-0.219732002767143,-0.9122462056275842,0.44350834846460074,1.4620062749847733
-0.08427763828248103,-1.0,-1.0,-16.816728789139983
-0.6096895249693106,-0.6880606847071422,0.12155063496847318,2.221877756132152
0.13606010025063164,0.15305265749024488,0.2231047409192055,1.0233402590044038
-0.6202435244602853,1.0,0.7739598814212865,8.096036149293912
0.003583998492067142,-0.9771727806267958,1.0,-6.234271282043914
-0.6572541482633099,-1.0,-1.0,-8.43183306785558
-0.29870399915436696,0.08024571684929338,-1.0,-1.8995673789914413
0.14482535003310537,-0.9848616348939359,-0.6939369810563547,-4.035246924301178
0.7877765376678849,-0.9674659781684376,-0.2844178834730269,-2.9073148014340426
-1.0,0.6399611651148553,1.0,7.058292945974746
0.08690822297172374,0.5171786591907679,0.2475405234403263,0.7049808062234906
1.0,1.0,-0.27081800507056863,16.39638897784492
0.2628637395407156,-0.14643724591781204,-0.4321688426808059,0.9211037448657988
0.35035555546633623,-0.5798553781992042,0.17393989563405587,0.6603398991015119
1.0,-0.9108920333222783,-1.0,-15.84073667386191
-0.6761851136811026,-0.6181690582826216,-1.0,-1.4145640353656794
-1.0,-0.00613102585678571,0.3784946872360062,-4.2441640106810405
0.9789707744294871,0.5219516073182995,-0.92573333853103,9.695955224092202
0.26590535559951656,-0.1988787414328157,-0.793761554260062,0.8826093999169276
0.7262114990809236,-0.06632697131086651,0.02072994741849099,1.378431545187848
1.0,-0.8168972376259438,0.7836475031829317,1.793818321559519
-0.3973043975560566,-1.0,-0.23764217039033642,2.718848834003385
1.0,0.9509870252228316,1.0,26.02950920351904
-1.0,0.3029846343447209,-1.0,15.35905850764293
-0.9104961422757467,1.0,-0.8780313635873171,7.925094255651868
-0.03875176860898444,-0.3406332638549634,0.3655368151790017,0.7789723720529932
0.4836296357381211,-1.0,-0.18587521911103977,0.21870897549700963
-1.0,0.1564931751948091,-0.7260548066859103,3.0628804469421986
-0.2480054735382795,-0.4791281625932362,-1.0,-4.596800781774735
1.0,-0.6824517860533532,0.4064291113597742,3.620827834339877
-1.0,0.09613627941549652,-1.0,12.305782221991944
-1.0,0.918976240430379,-1.0,20.653147547071338
-1.0,0.9021073877288404,0.14273337632951666,1.5634688156042462
-0.4856915645135884,-0.1348744409802991,-1.0,-1.0227986782205856
0.5902149767943266,-0.8466647650365078,0.6387291378001114,0.6159471556970877
-0.4028086016214616,0.7389355853018331,-1.0,-3.6461629459836917
-0.7853739984222228,-0.7510522324061726,0.22997147997811784,3.1597214439371433
-0.44925409830320007,-1.0,0.22349549661165735,3.1413660033413553
-0.23342185448613062,-0.36265558781925344,-1.0,-3.1810378425430406
-0.01655296117562388,1.0,1.0,12.92203645039511
0.9392509161279157,0.03716149759080989,-0.7499776551359074,5.763145324086394
-0.062014398535348736,-0.33246500238570076,0.7177159325706794,0.06705026229306862
-0.7118961381280067,-0.840541505091924,0.4650376268777072,2.9856667568828428
0.758448350664966,0.14123165625320122,-1.0,-0.7361446123326297
0.2909984199769313,0.3596677837232365,-0.17439477220540556,0.8380589492312234
-0.5245005827943447,0.8902969131982299,0.7425819309984265,3.3686434994790937
0.6562426696881427,-0.17989882517125344,-0.6608150232361181,1.017320959840746
-0.72114541004545,0.7951383163453358,1.0,10.084298612467137
0.07727329133910121,0.2079115251497241,0.8787487050637159,0.5786393093528452
-1.0,-0.18582859405318808,0.9281656697475646,2.4946769071857315
0.44124936421082994,-0.32549272160098264,-0.3537876439909913,1.2909978926809123
-0.6163300127519458,1.0,-0.2041496561408127,5.117096869819952
0.6642286493658447,1.0,0.07523409332058173,7.3105657601120795
0.12542281637090613,0.6006869280081855,1.0,4.356071660640279
-0.9530070766672118,0.0858716533869186,-0.6910937073729604,2.074992342057453
-1.0,-0.08039808611495358,-0.2859924952974011,-3.89003776049927
0.4803243254164584,0.03971109757126179,-0.9969382390935586,-3.5467262240799595
-0.7132784100495799,-0.4530993487269621,0.35176023085587804,1.2299733246988265
-0.48932244623860144,0.7883290387666102,-1.0,-4.487699648494877
-1.0,-0.04648507694671644,-0.24198565004474548,-4.114854071556849
-0.413673324550635,1.0,0.866876042211177,11.21581394515237
0.691403072903382,0.6318348486959335,0.8359115026257744,4.647058356768903
0.4762295992273422,-1.0,0.009022181371645344,1.2612347220848927
-1.0,1.0,-0.27381791870151684,10.685021145472122
0.22118339823665445,-1.0,0.20203529464679693,1.3736958266391712
-1.0,0.3647790392093071,0.20439676333170964,-4.164368628998068
-0.8346115137858734,-0.7183146568058008,0.021902903210519797,2.593920179625527
-0.1641811693237536,0.06773109550917567,0.8553534028022705,-0.09963925123151027
0.42866357601820737,0.846950123417668,-0.17504335436257823,3.3631870978696554
1.0,-0.26484132047267916,-0.6050722646029734,5.716518786197435
1.0,-0.35689513254218785,0.768164860011691,6.733128702791789
0.345933681437673,-0.7919978040866642,0.9683137476700487,-3.8406604312608312
1.0,-0.043004416718075866,1.0,10.96412398334308
0.06212592703224118,-1.0,-1.0,-18.14137421263255
1.0,-0.46813917788078996,0.372297724618877,4.408406935923832
-0.6972583982825409,-0.6695436841677316,0.34448423452773613,1.8110382655977568
0.3096349644549401,0.6984442950632141,-0.7562758377556631,0.717878152794539
0.5728053311363819,-0.5018467509302913,-1.0,-6.397600606090913
0.7252602515032869,-1.0,-0.255128620453704,-3.119867118566971
0.12478663429597536,0.5638511449001617,-0.18581383866740153,0.17514247196931287
0.8306329368135912,1.0,0.7314985096391726,11.226720119459133
-0.10159003832232161,-0.43280471081726524,0.22081594989761566,1.675874501370446
-0.9148691155998379,-1.0,0.8144733995464959,12.466590260968244
-0.2857580713143122,-0.6593216217185318,-0.3693611075507761,1.7226052187492558
-0.5906779583955128,-0.6367111085383663,-0.24286224116078747,1.7008768949812192
0.550299831692304,1.0,0.017830126044435124,7.745910650076377
0.3655135913242744,-1.0,-0.524030181226381,-2.5277866647784446
-0.16985773908049095,-0.6636875979496599,1.0,-1.6520752472036446
0.6933058095878446,0.2530034251052664,0.0487555517458107,1.970251902735623
-0.9767457287487693,1.0,0.618881820711711,1.2586115327170937
-0.2322648633887785,-0.3137172584594765,0.2111685159645571,0.03757856532553511
0.042086843485604986,0.8036677554358325,0.3119501857201352,2.1424386217154896
0.08961263590439117,-0.5968595881052343,0.04296015916453455,1.1877203249172692
0.107494589412235,0.9258537446093782,-0.4681509946476954,5.773613887653727
0.4547499566954045,-0.4840323234104347,-0.26687687115601033,1.2683691444777137
0.24494210017377038,1.0,0.7348358288919488,8.612071997828878
-0.24370599073129817,1.0,0.568501823392453,7.931038725739815
-0.7342676528840437,-0.2920402994132598,-0.7748719081129136,2.2608542449316045
-0.04623468395533048,0.13164967039665276,0.8218322136594003,0.48044900407393937
0.3696639256019849,0.265886746256649,-0.9799750597806638,-2.5549288445710916
-1.0,1.0,-1.0,21.21043808158229
-0.3425429012489569,-1.0,-0.09866360046273281,3.132826626205986
-0.2462062236140079,-0.15620516478142288,0.7150878204316518,0.06090173549969305
-0.5964494075881381,0.2535102656032291,-0.8441961821415318,-0.7875749591088548
0.07548430074125334,-1.0,-0.5078703078244347,-0.7041784337855868
0.2470559861299051,-0.947734955204089,1.0,-5.477987585994795
-0.3011040381527299,-0.4391234703677176,-0.49310079361838555,0.8808489537707487
0.9774464730025301,-1.0,0.016771207966328916,-6.530405701056164
0.2087596185469307,0.17369979567663352,0.05045521392479224,0.9760006375350528
0.6814153883390048,0.500870711161415,-0.9491912040029167,-0.35772108170390055
-0.10445465526686415,0.2196703312866728,-0.36650156790512,0.3842544217323981
0.5237866603349497,0.23508260596073982,-0.18444383227075223,1.1805486968582022
-0.34987503454162994,0.5499776532279654,0.11516622306316249,-0.3096604736079536
-0.9014014848150278,0.6781367105066911,1.0,7.424953386261526
1.0,1.0,-0.9267350518541106,35.69733179714982
0.958024178660116,-0.9650969786263945,0.05265455281432052,-4.988404876634068
0.27658065931974085,-0.9406343592717255,-0.2999239386903019,1.4864057435503348
1.0,0.126693846108638,0.08607159096577321,4.402068876046371
1.0,0.9684908825640421,0.009288547933980817,13.420454051006486
0.09190638682640917,-0.4070507120803304,0.13207856026251674,1.3021253218873723
0.11642838265145183,-1.0,-0.8236603996858229,-8.785430131401123
-0.7247695647403056,0.05633832737923772,-0.7886454911522398,1.0132050553730958
-0.19091270717659015,-0.8661503116520193,0.6697294550308706,0.2033103269886402
1.0,-0.32529773797049844,-1.0,5.059381656246142
1.0,-0.5527554288398384,-0.19169306428168942,3.5963261568208336
1.0,-0.04231206881035421,0.9162040082661582,10.731700356541422
-0.25936919332389263,-0.5105563823076804,0.09685438563157178,1.1058844559035466
-1.0,1.0,0.5434433471081044,1.137598769137417
0.01720458859105567,-1.0,-0.09982711218163298,2.1493757918457264
-0.7095567481870242,-1.0,-0.6013430160907092,1.8855226833896497
-1.0,0.2289815374291604,0.18331099887437796,-4.121410374187569
1.0,-0.2557505113068501,0.3240515215630697,4.561620323795595
-0.49632932020137344,1.0,-0.69108737703012,4.989641391238844
0.6225682291999439,-0.5035645314381769,0.13930283451954062,1.4537718979721475
0.9677042650707866,0.7966596277093978,0.43024890258807114,9.915890592608802
-0.6464705229024827,-1.0,-0.9351103407912014,-6.465114954298604
0.18909420852624725,-0.40226634124920113,1.0,-2.463302385345651
-0.35822926941308286,1.0,0.296466205540062,6.497724913955041
-0.022395963303216027,0.9815991329772042,0.6272057829469393,7.104415972486793
0.5955255912514237,-0.8479070427420565,-0.5865765107327061,-1.1017419059795022
0.02438142411347899,0.3727333364947032,0.461945144793366,0.3438841611888367
-0.565590128281749,0.9073942390780676,0.20872381566512677,1.673637107417276
0.2937208368513593,-0.39765083975465143,-0.6485192087984857,-0.12466957080981789
-1.0,-0.5777797790040149,-0.08304878611083621,-0.8666008819812994
0.017201351794082775,-1.0,0.13928669003557093,2.426916767732405
-1.0,0.2520820672853865,-0.16300526392943215,-3.613809259501542
1.0,-1.0,1.0,-9.695070095102839
0.9176675721801828,-1.0,0.24166602215412225,-5.838207453549103
-0.20220152507454747,-0.3508659720093561,0.5564874682649787,0.15664905393609213
-0.4012807835911161,0.8813609117770818,1.0,10.861405695492783
-0.06635630543654036,-0.32112902398517806,-0.7989817002894815,-0.3995340659958925
-1.0,1.0,-0.6579723571275713,11.700360875902986
-0.9445886858248356,0.43273726293513093,1.0,3.5274711167281856
0.11726834231139271,0.07030983565083782,0.20003571816550614,1.2338420916137578
-0.14678236749269247,-0.15072337173917894,-1.0,-2.939798178713293
0.02767169485382981,-1.0,-1.0,-17.698219242311907
0.22460354016033746,0.6427764404268339,0.01671206726937524,0.6353014748253285
0.783217830529856,-0.1037348784142893,-0.5185448157858692,2.3064878714796513
-0.04792824400082418,-0.5743447404881792,0.14220356044436255,1.2218671339757807
0.63940710274595,0.38029210728626506,0.6423165158996267,2.254494022654262
1.0,-0.42097107269513323,-1.0,3.326111195692688
-0.15469095741442618,0.8554924777058139,-0.48764969846970896,2.488376783850095
1.0,-0.6794430147148074,-0.7000366747127109,4.428594411736629
-0.24896644871773765,0.23356288616796106,-1.0,-2.596537656629509
-0.08980780041413228,0.032563116137464654,-1.0,-2.9514333734515272
0.5114280233049182,0.5690029876907348,0.7137602647111609,1.7227909478250953
1.0,0.6354820430106423,-1.0,14.371460340600425
-0.03594140488217756,1.0,0.8467906517888084,10.33461715174214
-0.9552498450976803,0.11672096807675714,0.7134884161903758,-2.289813093357554
1.0,1.0,-0.39881401469129085,17.935975058424834
-0.6766716020876775,-0.5561336017354299,0.901076839243024,2.251991128624377
-1.0,0.22650436790770323,0.5904530073265455,-3.5618586007589625
-0.29611987864010114,0.768689086567333,1.0,7.830047764295845
-0.06858698040718614,-0.38657061769025414,-0.7617773964748482,-0.842780472069984
1.0,0.43777977666101053,1.0,21.371731271282343
-1.0,-0.40195709233251176,0.3066289697540834,-1.4882751530476281
1.0,0.3942849703561975,0.7907759647163033,13.936638304348195
-0.011075743619132217,-0.4832887386115847,-0.22665493536782044,0.715534332984513
0.18152894086656923,0.002137536870914669,1.0,-0.2862004559955525
-1.0,0.752680723770486,0.9872052686062485,8.221313787034267
0.9491346278439683,-0.9962984920768285,0.3419185595026577,-6.538520189614165
-0.607514293307793,-0.14440704192066045,1.0,2.7376687154984527
0.09075971539682226,-1.0,0.12879580768371746,2.5967070969846318
-0.5495481401625788,0.9580432499885276,0.31481235942764596,3.6727357901061515
-0.5204330837590625,-0.9671605244671391,1.0,-1.3355841867060743
-0.7654466834978955,-1.0,-0.6607145937131227,1.441579373840039
-0.7058613445681738,-0.4598786802398547,-0.7168966860563568,0.9059292465094375
-1.0,0.21623415364958132,-1.0,15.05031808899008
0.6989399322960468,0.20169877035832107,-0.49724118577064513,1.3017121345181903
-1.0,0.6519048648051249,-0.5258642565688545,2.473209139923975
0.12458613199639745,0.3032791553118148,-1.0,-3.1148996397792534
-0.489095480832358,-0.3744949282901908,0.5641838320865462,-0.3181876864487138
-0.174401912579637,-0.8825378294061659,0.567092199629508,0.6427723144927058
0.48455506270557547,-0.4998038453568894,1.0,-3.1303807761412674
-1.0,0.2552042317768921,0.6096176453463842,-4.378287876510888
-0.9519601131356394,-0.2646374686922506,-0.6459285148864935,0.27783191171709026
-0.9393758069262537,-0.5038704764563364,0.5996570443438836,1.4830182328904895
-0.11086962822134994,1.0,0.43806824782891685,7.552503129027708
0.2188498098955789,-0.6076991240779244,0.5452722119916196,0.36175523230007844
-1.0,-0.9875014630389531,0.8801993439857345,18.723615924248953
0.3085098754174993,-1.0,0.05731096658625612,1.443851570882529
0.21598355499101385,-1.0,-0.7161059755595429,-5.000254970533469
1.0,1.0,-0.548047107313961,20.915546091848167
0.43678875704961295,-0.28066104442437023,1.0,-1.8356704074463666
0.11041649076274984,0.29924544861257685,1.0,1.3894830714038606
0.6400078397291851,0.7811486290376799,-1.0,0.036284545163731446
-1.0,0.6748108221435971,-1.0,18.53075804065532
-0.7522246974569864,0.5799724680108054,-0.6949609641371195,-1.5703151693967428
-0.4570245643590749,1.0,-0.4694298602022342,6.355720321929757
0.4396262821294963,-0.7780659220220001,1.0,-4.076984637831603
-0.8631870809318138,0.05180970186216172,-0.05161347668156302,-1.7099456068022478
-0.021423741291114684,-0.9243542281942068,0.5670047471172011,0.14663478558625465
-0.7705365108645776,0.5709880151769997,-1.0,2.004151394376699
-0.5223096219608259,-0.24257039345193698,-1.0,-0.5422494121519197
0.7906053484183337,0.04703123646144669,1.0,4.394649391750918
1.0,-0.5750434646816498,0.4971399372607368,3.6500432408586736
0.1558279385212491,-0.10776063842941408,-0.2596820260841879,1.0702531883302262
-0.5196379068970383,0.751486545944422,0.6803185249561539,1.7233442941170576
-0.5226442089451573,-0.6205945205664047,-0.6268903299697233,0.3592743057281034
1.0,0.535483716895385,0.9477341015256058,19.54134491789627
0.057664978488077834,-0.7154535769463091,-0.5135499529920471,0.7545751572997506
0.3354435803018623,1.0,-0.22728885153591927,9.527174183652177
-0.7250465252798846,0.11003083795486734,-1.0,2.8434796618873537
0.8673694766379405,0.6094595503288742,-0.7875245269657403,3.7471274483044077
-0.03240484349333883,-1.0,0.6028260161299146,0.8457118373399907
-1.0,-1.0,0.7595499797259335,15.709636051091431
-0.23538370387017538,0.02366088286614465,-0.1498115386349006,0.12127859242578043
-0.27035856859663987,0.13784486115277228,0.14215232926163268,0.06711523384159376
-1.0,-1.0,0.4138070259824933,11.400021859315519
0.8393876019973725,-1.0,-0.6045533290102407,-8.276603342451722
-0.31995498941761524,0.34028809702644436,-0.9020360546654804,-1.7047642519627026
-0.5186632752720042,-0.5127874466728266,0.5052555006841775,0.8343652024210475
-0.14766992397012713,-0.148823010889499,1.0,0.3757125291153928
-0.26446385232861025,-0.07828487176763876,-0.41625143884456883,-0.17184310412614695
-0.4436523723144692,-1.0,1.0,-3.6612215904817456
-0.06306677265675642,-0.7139344906760883,0.4694590750405112,0.5604410104576705
-0.1146003071661188,-0.05158995479955886,-0.7580306196837348,-0.35904619219912337
0.7677924634281554,0.33605832088625465,0.8279993058299047,4.638750800744744
1.0,-0.019742946155227648,-0.23128586789260952,4.563790879669589
-0.06407528460377154,0.7905123068947517,-1.0,-4.061800945351266
-1.0,0.2382009710602928,-0.39536562565534705,-1.815467290149706
-0.9388848844407367,-0.48227726804437876,0.05964214241151389,0.3304894860526771
0.6140237872595278,-1.0,-0.07886728072699567,-1.2583743516062271
0.3950390983664849,-0.43214321699351177,-1.0,-5.421258664707503
-1.0,0.4285291653567165,-1.0,16.56031097773188
1.0,0.15551083196078075,0.4877129083083991,7.798034083389007
-0.33740753993673755,1.0,-1.0,1.9042253286083286
-0.4094419235540243,-0.8831830294121874,-0.04956080298187282,3.1380492971199727
0.6660461716980355,1.0,1.0,11.019279247534094
0.4920992050798565,0.06252757035807344,-0.7146078489927126,1.5137996880676858
1.0,0.7462250178845589,-0.42834314025776665,7.798950738748107
-1.0,0.02173737066560144,1.0,3.357631822368779
-0.8838648184596811,-0.6698778179939495,1.0,8.179401351014945
0.6761105965292233,-0.489111178340488,0.5052492269509947,1.7092583614517984
0.9912454172324701,-0.00016562357241256542,-0.7434226064066527,6.4936365491259656
-1.0,0.4770051527924175,0.6965348140164727,-3.405598215520274
0.8450318691618248,0.44633044398385446,0.7487694353285952,6.765697952856891
0.5935456272823942,1.0,-1.0,8.767049588341973
-0.24465800242222313,0.8923096946246587,1.0,10.808321675819817
0.711767972460414,-1.0,-1.0,-25.894315002473604
0.04640684362983882,-0.06668085853357542,1.0,0.0028541394191649305
-0.6651728184404571,-0.444254789641485,0.13035921639853587,0.5727289680599064
-0.7272421869996921,-1.0,1.0,2.949511077440291
1.0,0.27593940914271076,0.4588122794652305,7.051770118788925
0.822922195043239,-0.5451346300855273,0.04112327236205782,0.968341822099608
0.10671887752639475,-1.0,-0.33937535685600073,0.44417667964615404
1.0,-1.0,0.7237533178468958,-5.454937326894685
-0.481225257898503,0.07395328790190425,-0.010731388238592654,-0.33611950576202637
-0.16514059261029135,1.0,-1.0,2.787694921100047
0.724715173075041,-0.010289414643880113,0.913772881845667,2.4632616506860465
0.4307712265163104,0.324120858094338,-0.45971177968391363,1.0503959979968598
-1.0,1.0,0.2509207130436544,4.999302304309051
0.5606708557758762,0.7672804260330555,0.2314293215278167,1.5748410749052713
0.08022536502880229,1.0,-0.8927811691111343,8.122047108232332
-1.0,0.16349103922596098,1.0,3.302882210805095
0.8934566327378439,0.40275549528570265,-0.4299961288935392,3.1217002601971284
-0.2736311931044788,0.05088565085658958,1.0,1.1362720679445353
0.5105471921640927,-0.8769652295754706,-0.14579432567698736,0.33809294098217335
-0.16744986721363997,0.03666035982072424,-0.47613730128079323,0.06435128273895985
0.4446132629350381,-0.4572570264565885,-0.6697946697730677,1.156369703377531
0.08970909690948226,0.13933818343886673,0.19333499168767787,0.8519617995420588
-0.7118437081997318,0.10196309417408078,0.9576049060729794,1.2694483345154615
-0.9246730116113728,-0.45933120620928514,-0.4001540561564694,-0.40238717498186827
0.13376135817292378,0.8667847941822853,1.0,9.682022037297408
-0.9080474705339734,1.0,-0.038899894424973436,5.381798226433498
-0.8780979227155039,-0.674858998971555,-1.0,3.358444812260127
-0.6444951422331104,0.5307833349687936,0.9993397281126941,4.902627130907881
1.0,-0.46071216089719225,-0.6593835902702814,4.875189699019798
0.6374303264105801,0.016765432563811578,0.72777377177494,1.6819142210255928
-0.1989659803468593,0.8273552217259834,-0.008872175977967744,1.6697157726906853
0.34494699391976535,0.15108180530138648,0.06910648465164981,0.5396460649515418
-0.009942004101221036,1.0,-0.6721524537846724,9.702110278743593
0.16043326694829174,0.5953190730763767,-0.8084589166157645,-0.05156498117444444
0.552808318303627,1.0,-0.7929072225962575,11.346457782350825
0.7475165905594654,1.0,0.18674133627481937,7.4297421271233635
-0.32162218004833654,-1.0,1.0,-4.9930040302667
0.5368702089826964,-0.3814426350091258,-0.5499300361770341,1.080591378108902
-0.023069221308629873,1.0,0.09518673116087939,7.118667830113578
-0.7152200526094901,-0.4157495857175346,0.1646604821706823,0.3232977100058083
-0.6234607474041207,0.08004926704939441,-0.29882351503735793,-0.9390607820085395
0.8263975404535564,-1.0,-0.3528487272972676,-4.971179263949319
1.0,-0.3928246989332762,0.19551851952285748,4.503983045479198
-0.45145359228288107,-0.20925891622111115,-0.8501811129246324,-0.05651678974906897
-1.0,0.7771686628790377,-1.0,20.328393746896385
-0.03743428285377348,1.0,0.2882885058322251,7.412437729479955
-0.1652155395383692,0.29804220440761453,-0.9871351312676888,-2.784154313187806
0.9732088955446356,-0.25090600694761145,0.5467264928176028,5.8785434138255175
-1.0,-0.9265312302797453,-0.29876232807251624,5.3383807403122185
-0.3112892934079474,0.1537212474579981,0.2873797773776965,-0.19681413034495115
-1.0,-1.0,-1.0,3.144637396524205
1.0,0.28744164831813523,0.5333336851973232,8.358290368791916
-0.3310345315279255,-0.5512125121879008,0.5609487387304124,0.9272466857062431
1.0,-0.3796955737643224,0.11322380583229164,4.608162127132286
-1.0,1.0,0.5879674989714971,1.3016930896535324
-1.0,0.339385925370455,-0.819686935777594,6.933399707019152
-1.0,1.0,0.37653451986009445,3.322027873699505
0.33285642700792284,0.523995683588776,-0.3567886488245344,1.5338305205675349
0.9712028432067268,0.6234015902464471,-0.6491722288041526,5.828222587512694
-0.9146986248550657,0.47317964617682673,-1.0,10.317439098461582
-1.0,-0.8721888904468413,1.0,18.52063488869257
1.0,-0.27418119370046967,-0.018925660957790136,3.721265856829996
-0.74739794253681,-0.9800158824676903,-1.0,-5.093479930979442
0.0029596031041696502,-0.11568165794620588,0.6766229170552449,0.2192473996471455
0.4680122505511517,0.8578400291820376,1.0,8.303249187954648
-0.04567090374581162,0.12907984764789981,0.21085265040521617,0.41713519161150364
-0.9974208175333359,-0.02995385459886446,-0.4927650027248942,-1.863449663218131
1.0,-0.8651390934379324,-0.8505332093723934,-4.243119944762018
